insert into roles (
    id, code, name, description, active, created_at, updated_at
) values
(
    '55555555-5555-5555-5555-555555555551',
    'CASHIER',
    'Cashier',
    'POS cashier role',
    true,
    '2026-03-20T00:00:00+08:00',
    '2026-03-20T00:00:00+08:00'
),
(
    '55555555-5555-5555-5555-555555555552',
    'MANAGER',
    'Manager',
    'Store manager role',
    true,
    '2026-03-20T00:00:00+08:00',
    '2026-03-20T00:00:00+08:00'
),
(
    '55555555-5555-5555-5555-555555555553',
    'ADMIN',
    'Admin',
    'System administrator role',
    true,
    '2026-03-20T00:00:00+08:00',
    '2026-03-20T00:00:00+08:00'
);

insert into users (
    id, employee_code, display_name, pin_hash, status, last_login_at, created_at, updated_at
) values
(
    '66666666-6666-6666-6666-666666666661',
    'EMP-CASHIER-001',
    'Alice Cashier',
    '$2a$10$uH3Cg9FWgvLIz.PAitlAY.DrMV3745BONwWkVHxTyuO6COIHvcPBy',
    'ACTIVE',
    null,
    '2026-03-20T00:00:00+08:00',
    '2026-03-20T00:00:00+08:00'
),
(
    '66666666-6666-6666-6666-666666666662',
    'EMP-MANAGER-001',
    'Mark Manager',
    '$2a$10$Y7SSxDqRlVPEB7/mcuf7XONXvrpSjWDDktR/DUxLmB8KwJlvou8rC',
    'ACTIVE',
    null,
    '2026-03-20T00:00:00+08:00',
    '2026-03-20T00:00:00+08:00'
),
(
    '66666666-6666-6666-6666-666666666663',
    'EMP-SUPERVISOR-001',
    'Nora Supervisor',
    '$2a$10$3vDa1LlTNT4ut6petJB//O0S5CPHZZQjwapzchBVpIvkY76Rd.Vp2',
    'ACTIVE',
    null,
    '2026-03-20T00:00:00+08:00',
    '2026-03-20T00:00:00+08:00'
);

insert into user_roles (
    id, user_id, role_id, created_at, updated_at
) values
(
    '77777777-7777-7777-7777-777777777771',
    '66666666-6666-6666-6666-666666666661',
    '55555555-5555-5555-5555-555555555551',
    '2026-03-20T00:00:00+08:00',
    '2026-03-20T00:00:00+08:00'
),
(
    '77777777-7777-7777-7777-777777777772',
    '66666666-6666-6666-6666-666666666662',
    '55555555-5555-5555-5555-555555555552',
    '2026-03-20T00:00:00+08:00',
    '2026-03-20T00:00:00+08:00'
),
(
    '77777777-7777-7777-7777-777777777773',
    '66666666-6666-6666-6666-666666666663',
    '55555555-5555-5555-5555-555555555551',
    '2026-03-20T00:00:00+08:00',
    '2026-03-20T00:00:00+08:00'
),
(
    '77777777-7777-7777-7777-777777777774',
    '66666666-6666-6666-6666-666666666663',
    '55555555-5555-5555-5555-555555555552',
    '2026-03-20T00:00:00+08:00',
    '2026-03-20T00:00:00+08:00'
);

insert into store_staff_assignments (
    id, store_id, user_id, active, created_at, updated_at
) values
(
    '88888888-8888-8888-8888-888888888881',
    '11111111-1111-1111-1111-111111111111',
    '66666666-6666-6666-6666-666666666661',
    true,
    '2026-03-20T00:00:00+08:00',
    '2026-03-20T00:00:00+08:00'
),
(
    '88888888-8888-8888-8888-888888888882',
    '11111111-1111-1111-1111-111111111111',
    '66666666-6666-6666-6666-666666666662',
    true,
    '2026-03-20T00:00:00+08:00',
    '2026-03-20T00:00:00+08:00'
),
(
    '88888888-8888-8888-8888-888888888883',
    '11111111-1111-1111-1111-111111111111',
    '66666666-6666-6666-6666-666666666663',
    true,
    '2026-03-20T00:00:00+08:00',
    '2026-03-20T00:00:00+08:00'
);
